City_ID,City,Country,Date,Lat,Lon,Wx_Desc,Max_Temp_(F),Humidity_%,Cloud_%,Wind_Spd
0,Axim,GH,2022-03-20 23:29:45,4.8699,-2.2405,overcast clouds,79.74,84,89,6.55
1,Hermanus,ZA,2022-03-20 23:29:45,-34.4187,19.2345,clear sky,68.81,87,0,9.51
2,Carnarvon,AU,2022-03-20 23:29:46,-24.8667,113.6333,few clouds,73.47,83,14,21.85
3,Pringsewu,ID,2022-03-20 23:29:46,-5.3582,104.9744,overcast clouds,73.15,95,92,3.31
4,Namatanai,PG,2022-03-20 23:29:47,-3.6667,152.4333,overcast clouds,84.43,67,98,5.3
5,Ribeira Grande,PT,2022-03-20 23:29:47,38.5167,-28.7,overcast clouds,58.19,62,96,24.32
6,Laguna,US,2022-03-20 23:29:48,38.421,-121.4238,clear sky,73.69,17,0,19.57
7,Tuktoyaktuk,CA,2022-03-20 23:29:48,69.4541,-133.0374,light snow,-9.4,77,100,9.22
8,Eenhana,NA,2022-03-20 23:29:49,-17.4667,16.3333,scattered clouds,69.44,77,42,6.49
9,Nikolskoye,RU,2022-03-20 23:29:50,59.7035,30.7861,overcast clouds,36.88,99,94,5.57
10,Ushuaia,AR,2022-03-20 23:29:51,-54.8,-68.3,few clouds,53.26,62,20,4.61
11,Bluff,NZ,2022-03-20 23:29:51,-46.6,168.3333,broken clouds,58.33,78,70,6.8
12,Casablanca,MA,2022-03-20 23:24:54,33.5928,-7.6192,clear sky,60.33,63,6,8.99
13,Arraial Do Cabo,BR,2022-03-20 23:29:52,-22.9661,-42.0278,broken clouds,76.55,87,82,9.22
14,Port Alfred,ZA,2022-03-20 23:29:52,-33.5906,26.891,overcast clouds,71.2,80,94,8.57
15,Iqaluit,CA,2022-03-20 23:29:53,63.7506,-68.5145,overcast clouds,-7.87,71,100,3.44
16,Coolum Beach,AU,2022-03-20 23:29:53,-26.5333,153.1,clear sky,79.34,72,9,1.01
17,Hirara,JP,2022-03-20 23:29:54,24.8,125.2833,broken clouds,71.46,88,75,5.75
18,Rikitea,PF,2022-03-20 23:26:33,-23.1203,-134.9692,clear sky,80.1,73,6,10.07
19,Jamestown,US,2022-03-20 23:29:55,42.097,-79.2353,clear sky,45.01,43,0,14.97
20,Kahului,US,2022-03-20 23:29:55,20.8947,-156.47,few clouds,86.02,45,20,10.36
21,Salalah,OM,2022-03-20 23:29:56,17.0151,54.0924,clear sky,69.89,32,0,3.44
22,Punta Arenas,CL,2022-03-20 23:29:16,-53.15,-70.9167,few clouds,55.51,67,20,18.41
23,Te Anau,NZ,2022-03-20 23:28:26,-45.4167,167.7167,few clouds,62.98,58,21,0.31
24,Muroto,JP,2022-03-20 23:29:57,33.2833,134.15,overcast clouds,52.3,72,100,9.89
25,Kutum,SD,2022-03-20 23:29:57,14.2,24.6667,broken clouds,67.82,6,75,7.87
26,Kiskunhalas,HU,2022-03-20 23:29:58,46.434,19.4848,clear sky,32.63,49,0,6.73
27,Qaanaaq,GL,2022-03-20 23:29:58,77.484,-69.3632,overcast clouds,-5.75,94,100,6.62
28,Gusinoye Ozero,RU,2022-03-20 23:29:59,51.1144,106.2614,clear sky,-2.25,96,9,2.17
29,Yerbogachen,RU,2022-03-20 23:29:59,61.2767,108.0108,light snow,22.91,94,100,13.22
30,Rocha,UY,2022-03-20 23:30:00,-34.4833,-54.3333,clear sky,53.58,67,1,5.3
31,Kavieng,PG,2022-03-20 23:30:00,-2.5744,150.7967,overcast clouds,85.14,67,99,12.77
32,Hauterive,FR,2022-03-20 23:27:38,46.0901,3.4459,overcast clouds,48.96,75,91,5.73
33,Mahebourg,MU,2022-03-20 23:30:01,-20.4081,57.7,light rain,77.29,100,75,3.44
34,Brae,GB,2022-03-20 23:30:01,60.3964,-1.353,few clouds,42.51,75,16,18.16
35,Mataura,NZ,2022-03-20 23:28:30,-46.1927,168.8643,few clouds,64.11,58,19,2.1
36,Vaini,TO,2022-03-20 23:30:02,-21.2,-175.2,few clouds,80.76,83,20,10.36
37,Namibe,AO,2022-03-20 23:30:03,-15.1961,12.1522,scattered clouds,73.33,79,36,5.1
38,Lavrentiya,RU,2022-03-20 23:30:03,65.5833,-171.0,scattered clouds,4.91,70,25,2.71
39,Hofn,IS,2022-03-20 23:30:04,64.2539,-15.2082,overcast clouds,38.1,72,86,11.16
40,Ahipara,NZ,2022-03-20 23:30:04,-35.1667,173.1667,scattered clouds,73.56,66,26,5.95
41,Jalu,LY,2022-03-20 23:30:05,29.0331,21.5482,clear sky,50.18,63,1,18.7
42,Bijar,IR,2022-03-20 23:30:06,35.8668,47.6051,broken clouds,36.68,66,60,2.55
43,Tasiilaq,GL,2022-03-20 23:30:06,65.6145,-37.6368,clear sky,5.16,67,0,7.36
44,Kholm,RU,2022-03-20 23:30:07,59.2667,32.85,overcast clouds,30.25,95,99,4.9
45,Taltal,CL,2022-03-20 23:31:08,-25.4,-70.4833,scattered clouds,66.42,79,25,4.81
46,Plouzane,FR,2022-03-20 23:31:08,48.3833,-4.6167,clear sky,50.32,84,0,8.05
47,Havre,FR,2022-03-20 23:31:09,49.5833,0.3333,clear sky,43.2,81,1,5.75
48,Ancud,CL,2022-03-20 23:31:09,-41.8697,-73.8203,light rain,57.22,91,94,8.99
49,Clyde River,CA,2022-03-20 23:31:10,70.4692,-68.5914,clear sky,-18.17,69,0,5.75
50,Kapaa,US,2022-03-20 23:31:10,22.0752,-159.319,moderate rain,80.58,75,75,13.8
51,Lata,PT,2022-03-20 23:31:11,40.1629,-8.3327,overcast clouds,54.07,89,98,7.67
52,Ulaanbaatar,MN,2022-03-20 23:31:11,47.9077,106.8832,clear sky,12.92,61,1,1.36
53,Ekibastuz,KZ,2022-03-20 23:31:12,51.6667,75.3667,scattered clouds,8.94,85,45,18.95
54,Hilo,US,2022-03-20 23:31:12,19.7297,-155.09,broken clouds,82.13,73,75,11.5
55,Praia Da Vitoria,PT,2022-03-20 23:31:13,38.7333,-27.0667,scattered clouds,56.75,88,40,14.54
56,Norman Wells,CA,2022-03-20 23:31:13,65.282,-126.8329,scattered clouds,3.24,60,40,9.22
57,Pochutla,MX,2022-03-20 23:31:14,15.7432,-96.4661,clear sky,87.82,51,1,5.84
58,Saskylakh,RU,2022-03-20 23:31:14,71.9167,114.0833,overcast clouds,-7.06,100,100,3.87
59,Torbay,CA,2022-03-20 23:31:14,47.6666,-52.7314,overcast clouds,28.58,94,100,18.41
60,Jumla,NP,2022-03-20 23:31:15,29.2747,82.1838,scattered clouds,44.01,70,45,4.54
61,Rundu,NA,2022-03-20 23:31:16,-17.9333,19.7667,light rain,64.69,96,40,4.88
62,Severo-Kurilsk,RU,2022-03-20 23:31:16,50.6789,156.125,light snow,33.67,98,99,14.99
63,Busselton,AU,2022-03-20 23:31:17,-33.65,115.3333,broken clouds,65.21,64,55,15.19
64,Cape Coast,GH,2022-03-20 23:31:17,5.1053,-1.2466,broken clouds,79.75,85,59,9.1
65,Baghmara,IN,2022-03-20 23:31:18,23.795,86.2085,scattered clouds,74.68,57,32,3.29
66,Hobart,AU,2022-03-20 23:30:09,-42.8794,147.3294,broken clouds,64.26,83,75,5.75
67,Mahajanga,MG,2022-03-20 23:31:19,-15.7167,46.3167,few clouds,75.22,100,20,3.44
68,New Norfolk,AU,2022-03-20 23:31:19,-42.7826,147.0587,overcast clouds,63.91,68,94,3.51
69,Comodoro Rivadavia,AR,2022-03-20 23:31:19,-45.8667,-67.5,clear sky,69.66,43,0,9.22
70,Pevek,RU,2022-03-20 23:31:20,69.7008,170.3133,clear sky,-3.86,85,8,3.22
71,Yangambi,CD,2022-03-20 23:31:20,0.8102,24.4336,overcast clouds,69.96,98,100,2.06
72,East London,ZA,2022-03-20 23:31:21,-33.0153,27.9116,light rain,71.15,88,54,8.19
73,Vila Franca Do Campo,PT,2022-03-20 23:31:21,37.7167,-25.4333,overcast clouds,57.61,85,100,9.22
74,Atuona,PF,2022-03-20 23:31:22,-9.8,-139.0333,light rain,78.76,80,36,16.26
75,Ostersund,SE,2022-03-20 23:31:22,63.1792,14.6357,few clouds,43.25,49,22,8.05
76,Awash,ET,2022-03-20 23:31:23,8.9833,40.1667,overcast clouds,76.71,42,93,0.92
77,Villazon,BO,2022-03-20 23:31:23,-22.0866,-65.5942,overcast clouds,54.27,69,96,12.19
78,Thompson,CA,2022-03-20 23:31:24,55.7435,-97.8558,broken clouds,26.76,59,75,8.05
79,Chokurdakh,RU,2022-03-20 23:31:24,70.6333,147.9167,scattered clouds,-10.59,97,47,2.68
80,Pangnirtung,CA,2022-03-20 23:31:25,66.1451,-65.7125,scattered clouds,-16.35,77,32,6.17
81,Khatanga,RU,2022-03-20 23:31:25,71.9667,102.5,overcast clouds,4.33,97,100,1.9
82,Port Elizabeth,ZA,2022-03-20 23:31:26,-33.918,25.5701,broken clouds,66.31,91,75,1.14
83,Gorontalo,ID,2022-03-20 23:31:26,0.5412,123.0595,overcast clouds,79.11,87,100,1.43
84,Avarua,CK,2022-03-20 23:31:27,-21.2078,-159.775,broken clouds,86.05,74,75,17.27
85,Flinders,AU,2022-03-20 23:31:27,-34.5833,150.8552,overcast clouds,71.06,80,88,5.99
86,Aklavik,CA,2022-03-20 23:26:33,68.2191,-135.0107,light snow,-3.44,90,100,14.07
87,Kabare,CD,2022-03-20 23:31:28,-2.4683,28.8242,overcast clouds,61.0,93,89,0.67
88,Lebu,CL,2022-03-20 23:31:28,-37.6167,-73.65,broken clouds,57.99,96,80,6.38
89,Bargi,IN,2022-03-20 23:31:29,22.9833,79.8667,scattered clouds,77.36,21,37,1.48
90,Yellowknife,CA,2022-03-20 23:32:29,62.456,-114.3525,overcast clouds,35.42,71,100,10.36
91,Kavaratti,IN,2022-03-20 23:32:30,10.5669,72.642,broken clouds,81.84,65,52,9.51
92,Uyemskiy,RU,2022-03-20 23:32:30,64.4743,40.8524,scattered clouds,33.85,86,40,6.71
93,Sept-Iles,CA,2022-03-20 23:32:31,50.2001,-66.3821,overcast clouds,28.92,90,100,11.5
94,Uglovskoye,RU,2022-03-20 23:32:31,51.3557,80.1942,broken clouds,8.92,92,71,11.65
95,Lorengau,PG,2022-03-20 23:32:32,-2.0226,147.2712,overcast clouds,84.58,72,100,8.39
96,Butaritari,KI,2022-03-20 23:32:32,3.0707,172.7902,light rain,81.18,78,66,21.12
97,Victoria,HK,2022-03-20 23:32:33,22.2855,114.1577,overcast clouds,74.17,89,98,10.0
98,Lubango,AO,2022-03-20 23:32:34,-14.9172,13.4925,overcast clouds,63.84,62,91,3.11
99,Dikson,RU,2022-03-20 23:27:36,73.5069,80.5464,overcast clouds,1.87,96,99,11.18
100,Wajir,KE,2022-03-20 23:32:35,1.7471,40.0573,few clouds,78.62,60,21,15.9
101,Nanortalik,GL,2022-03-20 23:32:36,60.1432,-45.2371,clear sky,12.22,85,6,10.36
102,Port-Cartier,CA,2022-03-20 23:32:00,50.0334,-66.8654,light snow,28.62,96,100,12.48
103,Marsh Harbour,BS,2022-03-20 23:32:37,26.5412,-77.0636,scattered clouds,76.37,75,25,8.99
104,Gummidipundi,IN,2022-03-20 23:32:38,13.4,80.15,scattered clouds,84.2,83,35,9.01
105,Cape Town,ZA,2022-03-20 23:30:10,-33.9258,18.4232,clear sky,68.11,83,0,10.36
106,Ponta Do Sol,PT,2022-03-20 23:32:38,32.6667,-17.1,broken clouds,62.06,68,65,8.1
107,Husavik,IS,2022-03-20 23:32:39,66.0449,-17.3389,scattered clouds,29.12,80,37,8.43
108,San Juan,AR,2022-03-20 23:27:54,-31.5375,-68.5364,clear sky,73.04,36,0,12.66
109,Stornoway,GB,2022-03-20 23:32:40,58.2093,-6.3865,scattered clouds,45.93,79,45,2.3
110,Areosa,PT,2022-03-20 23:32:41,41.7178,-8.8571,overcast clouds,55.44,84,98,3.36
111,Jiwani,PK,2022-03-20 23:32:41,25.05,61.7417,clear sky,75.02,65,0,5.68
112,Altagracia De Orituco,VE,2022-03-20 23:32:42,9.8601,-66.3814,overcast clouds,73.0,80,96,6.69
113,Rio Grande,BR,2022-03-20 23:32:42,-32.035,-52.0986,broken clouds,59.95,54,55,13.87
114,Albany,US,2022-03-20 23:28:28,42.6001,-73.9662,light rain,41.65,82,100,1.99
115,Ebetsu,JP,2022-03-20 23:32:43,43.1081,141.5506,light snow,36.09,66,75,4.61
116,Balikpapan,ID,2022-03-20 23:27:47,-1.2675,116.8289,few clouds,76.19,94,20,0.0
117,Kodiak,US,2022-03-20 23:32:44,57.79,-152.4072,light rain,36.91,87,100,12.66
118,Saint-Philippe,RE,2022-03-20 23:32:44,-21.3585,55.7679,overcast clouds,76.59,84,91,9.08
119,Hithadhoo,MV,2022-03-20 23:32:45,-0.6,73.0833,overcast clouds,83.88,68,96,15.37
120,Baker City,US,2022-03-20 23:29:34,44.7749,-117.8344,few clouds,44.6,41,20,16.11
121,Tuatapere,NZ,2022-03-20 23:28:27,-46.1333,167.6833,scattered clouds,60.78,76,45,4.85
122,Igbo Ora,NG,2022-03-20 23:32:46,7.4333,3.2833,overcast clouds,79.5,80,94,4.36
123,Saint George,US,2022-03-20 23:30:22,37.1041,-113.5841,few clouds,58.62,46,20,9.22
124,Dudesti,RO,2022-03-20 23:32:47,44.9,27.4333,clear sky,32.88,62,9,7.61
125,Coihaique,CL,2022-03-20 23:31:35,-45.5752,-72.0662,overcast clouds,57.81,71,100,0.0
126,Mbandaka,CD,2022-03-20 23:32:47,0.0487,18.2603,broken clouds,73.02,90,73,2.66
127,Muravlenko,RU,2022-03-20 23:32:48,63.7898,74.523,light snow,21.9,97,100,6.55
128,Moose Factory,CA,2022-03-20 23:32:48,51.2585,-80.6094,overcast clouds,26.6,74,100,16.11
129,Provideniya,RU,2022-03-20 23:32:51,64.3833,-173.3,few clouds,14.36,62,20,4.47
130,Bilma,NE,2022-03-20 23:32:51,18.6853,12.9164,few clouds,79.21,7,13,4.97
131,Mar Del Plata,AR,2022-03-20 23:29:11,-38.0023,-57.5575,clear sky,59.09,71,0,21.0
132,Jibuti,DJ,2022-03-20 23:32:52,11.5,42.5,few clouds,69.46,80,12,11.45
133,Viedma,AR,2022-03-20 23:30:25,-40.8135,-62.9967,broken clouds,62.31,66,66,21.52
134,Rognan,NO,2022-03-20 23:33:53,67.0953,15.3878,broken clouds,45.88,58,77,7.25
135,Cayenne,GF,2022-03-20 23:30:08,4.9333,-52.3333,broken clouds,80.1,1,75,8.05
136,Leningradskiy,RU,2022-03-20 23:33:53,69.3833,178.4167,clear sky,7.02,79,0,2.24
137,Karlstad,SE,2022-03-20 23:33:54,59.3793,13.5036,clear sky,27.16,93,0,3.44
138,Batagay,RU,2022-03-20 23:33:54,67.6333,134.6333,broken clouds,-5.96,95,57,0.51
139,Tiksi,RU,2022-03-20 23:33:55,71.6872,128.8694,overcast clouds,4.21,88,100,9.51
140,Sovetskiy,RU,2022-03-20 23:33:55,61.3614,63.5842,snow,27.03,95,100,13.13
141,Cherskiy,RU,2022-03-20 23:33:56,68.75,161.3,overcast clouds,7.65,85,95,5.77
142,Tombouctou,ML,2022-03-20 23:33:56,20.0,-3.0,few clouds,74.28,16,20,12.37
143,Annau,TM,2022-03-20 23:33:57,37.8876,58.516,overcast clouds,45.9,81,100,9.22
144,Bredasdorp,ZA,2022-03-20 23:33:57,-34.5322,20.0403,clear sky,66.06,91,0,7.65
145,Barrow,US,2022-03-20 23:31:49,71.2906,-156.7887,clear sky,-16.58,76,0,5.75
146,Hualmay,PE,2022-03-20 23:33:58,-11.0964,-77.6139,broken clouds,70.63,81,73,9.71
147,Mayumba,GA,2022-03-20 23:33:58,-3.432,10.6554,overcast clouds,79.25,82,99,3.85
148,Yeniseysk,RU,2022-03-20 23:33:15,58.4497,92.1703,light snow,17.91,89,100,9.95
149,Kanniyakumari,IN,2022-03-20 23:33:59,8.0833,77.5667,clear sky,79.25,84,0,15.35
150,Dingle,PH,2022-03-20 23:33:59,10.9995,122.6711,overcast clouds,81.63,78,100,9.17
151,Vadso,NO,2022-03-20 23:34:00,70.0744,29.7487,few clouds,38.28,87,20,3.44
152,Greensburg,US,2022-03-20 23:30:37,40.3015,-79.5389,clear sky,51.01,42,0,12.66
153,Shanhetun,CN,2022-03-20 23:34:01,44.7,127.2,overcast clouds,26.67,72,95,11.25
154,Nouadhibou,MR,2022-03-20 23:34:01,20.931,-17.0347,clear sky,64.38,68,0,19.57
155,Creel,MX,2022-03-20 23:34:02,27.75,-107.6333,few clouds,56.23,16,22,21.81
156,Karamadai,IN,2022-03-20 23:34:02,11.2406,76.9601,clear sky,75.58,69,6,4.0
157,Zempoala,MX,2022-03-20 23:34:03,19.45,-96.4167,broken clouds,76.91,69,75,7.99
158,Vestmannaeyjar,IS,2022-03-20 23:34:03,63.4427,-20.2734,overcast clouds,39.81,62,96,4.63
159,Puerto Ayora,EC,2022-03-20 23:32:06,-0.7393,-90.3518,light rain,79.81,79,52,5.35
160,Ola,RU,2022-03-20 23:34:04,59.5833,151.2833,overcast clouds,30.15,73,100,12.08
161,Tura,IN,2022-03-20 23:34:04,25.5198,90.2201,scattered clouds,67.57,50,34,4.72
162,Perigueux,FR,2022-03-20 23:34:05,45.1833,0.7167,overcast clouds,53.01,74,100,10.11
163,Los Llanos De Aridane,ES,2022-03-20 23:34:06,28.6585,-17.9182,few clouds,60.55,79,20,10.36
164,La Ronge,CA,2022-03-20 23:34:06,55.1001,-105.2842,broken clouds,43.05,42,75,13.8
165,Mao,ES,2022-03-20 23:34:07,39.8885,4.2658,broken clouds,55.96,76,75,17.27
166,Georgetown,MY,2022-03-20 23:34:07,5.4112,100.3354,few clouds,80.55,78,20,11.5
167,Cabedelo,BR,2022-03-20 23:34:08,-6.9811,-34.8339,light rain,81.27,79,63,10.74
168,Hambantota,LK,2022-03-20 23:34:08,6.1241,81.1185,clear sky,77.76,84,0,9.28
169,Sisimiut,GL,2022-03-20 23:30:48,66.9395,-53.6735,few clouds,-10.25,87,14,6.93
170,Hastings,GB,2022-03-20 23:31:41,50.8552,0.5729,clear sky,42.53,82,0,5.86
171,Hami,CN,2022-03-20 23:34:08,42.8,93.45,overcast clouds,38.64,33,99,5.26
172,Saint-Francois,FR,2022-03-20 23:34:09,46.4154,3.9054,clear sky,49.44,62,0,8.05
173,Xinmin,CN,2022-03-20 23:34:10,41.9908,122.8253,clear sky,34.11,67,9,7.58
174,Cerrito,CO,2022-03-20 23:34:10,6.8432,-72.694,broken clouds,55.38,92,81,4.79
175,Narsaq,GL,2022-03-20 23:28:28,60.9167,-46.05,clear sky,14.22,83,1,6.49
176,Upernavik,GL,2022-03-20 23:34:11,72.7868,-56.1549,broken clouds,-15.99,99,51,5.75
177,Dubbo,AU,2022-03-20 23:34:11,-32.25,148.6167,clear sky,71.73,60,5,13.8
178,Sao Miguel Do Araguaia,BR,2022-03-20 23:34:12,-13.275,-50.1628,few clouds,73.22,86,18,3.49
179,Yulara,AU,2022-03-20 23:34:13,-25.2406,130.9889,clear sky,80.44,29,0,6.91
180,Sakakah,SA,2022-03-20 23:35:13,29.9697,40.2064,clear sky,51.37,42,7,12.33
181,Lompoc,US,2022-03-20 23:32:37,34.6391,-120.4579,clear sky,73.56,64,0,21.85
182,Tiarei,PF,2022-03-20 23:35:14,-17.5333,-149.3333,few clouds,87.82,68,21,19.19
183,Sorland,NO,2022-03-20 23:35:14,67.667,12.6934,scattered clouds,43.56,80,44,32.79
184,Codrington,AU,2022-03-20 23:35:15,-38.2667,141.9667,broken clouds,67.98,66,65,5.86
185,Kruisfontein,ZA,2022-03-20 23:35:15,-34.0033,24.7314,scattered clouds,66.81,87,49,3.47
186,Ullapool,GB,2022-03-20 23:35:16,57.8987,-5.1604,clear sky,39.34,81,0,5.37
187,Challapata,BO,2022-03-20 23:35:16,-18.9,-66.7667,overcast clouds,53.76,62,91,5.73
188,Masumbwe,TZ,2022-03-20 23:35:17,-3.6333,32.1833,light rain,63.86,95,100,2.59
189,Omboue,GA,2022-03-20 23:35:17,-1.5746,9.2618,overcast clouds,78.39,85,92,5.23
190,Levelland,US,2022-03-20 23:34:06,33.5873,-102.378,clear sky,73.18,24,5,24.58
191,Constantine,DZ,2022-03-20 23:35:18,36.365,6.6147,broken clouds,49.41,76,75,11.5
192,Norton Shores,US,2022-03-20 23:31:58,43.1689,-86.2639,few clouds,48.72,55,20,8.05
193,Xichang,CN,2022-03-20 23:35:19,27.8964,102.2634,broken clouds,57.25,60,66,1.43
194,Talcahuano,CL,2022-03-20 23:35:19,-36.7167,-73.1167,overcast clouds,58.68,82,100,8.05
195,Arrecife,ES,2022-03-20 23:35:20,28.963,-13.5477,scattered clouds,60.78,63,40,5.75
196,Nome,US,2022-03-20 23:35:20,64.5011,-165.4064,clear sky,15.87,57,0,0.0
197,Longyearbyen,SJ,2022-03-20 23:35:21,78.2186,15.6401,light snow,21.04,86,100,28.77
198,Acatic,MX,2022-03-20 23:35:21,20.7833,-102.8833,broken clouds,84.76,10,56,8.7
199,Port Lincoln,AU,2022-03-20 23:35:21,-34.7333,135.8667,overcast clouds,67.68,76,98,5.19
200,Hasaki,JP,2022-03-20 23:35:22,35.7333,140.8333,overcast clouds,46.29,84,100,14.07
201,Mehamn,NO,2022-03-20 23:35:22,71.0357,27.8492,overcast clouds,38.05,72,100,19.62
202,Bengkulu,ID,2022-03-20 23:35:23,-3.8004,102.2655,overcast clouds,75.43,84,99,3.83
203,Santa Maria,BR,2022-03-20 23:32:33,-29.6842,-53.8069,few clouds,63.7,68,20,10.36
204,Marzuq,YE,2022-03-20 23:35:23,14.4,46.4667,few clouds,67.89,47,13,3.87
205,San Patricio,US,2022-03-20 23:35:24,28.017,-97.5169,broken clouds,72.54,69,52,16.35
206,Geraldton,AU,2022-03-20 23:31:21,-28.7667,114.6,overcast clouds,70.21,78,97,11.5
207,Bristol,US,2022-03-20 23:35:25,41.8334,-71.1662,broken clouds,55.78,66,75,10.0
208,Kasempa,ZM,2022-03-20 23:35:25,-13.4584,25.8338,overcast clouds,64.78,91,100,4.94
209,Subang,ID,2022-03-20 23:35:26,-7.1277,108.5283,overcast clouds,74.05,91,98,1.28
210,Deputatskiy,RU,2022-03-20 23:35:26,69.3,139.9,clear sky,-7.89,89,9,1.36
211,High Prairie,CA,2022-03-20 23:35:27,55.4334,-116.4858,broken clouds,37.54,63,58,5.37
212,Moanda,GA,2022-03-20 23:35:27,-1.5575,13.2178,overcast clouds,70.52,98,100,1.88
213,Visby,SE,2022-03-20 23:35:28,57.6409,18.296,clear sky,32.22,86,0,6.91
214,Ilulissat,GL,2022-03-20 23:35:28,69.2167,-51.1,few clouds,-5.78,54,12,1.14
215,Puerto Quijarro,BO,2022-03-20 23:35:29,-17.7833,-57.7667,overcast clouds,73.54,96,97,4.56
216,Sioux Lookout,CA,2022-03-20 23:35:29,50.1001,-91.917,scattered clouds,44.67,45,40,5.75
217,Dingli,MT,2022-03-20 23:35:29,35.8614,14.3822,scattered clouds,48.36,57,40,10.36
218,Anadyr,RU,2022-03-20 23:35:30,64.75,177.4833,fog,7.3,84,20,4.47
219,Port Blair,IN,2022-03-20 23:33:18,11.6667,92.75,heavy intensity rain,77.04,94,100,6.91
220,Hohhot,CN,2022-03-20 23:30:36,40.8106,111.6522,clear sky,25.09,58,0,4.47
221,Jijiang,CN,2022-03-20 23:35:31,29.2906,106.2542,overcast clouds,62.49,84,100,5.03
222,Vao,NC,2022-03-20 23:35:31,-22.6667,167.4833,overcast clouds,78.26,77,99,16.58
223,Fairbanks,US,2022-03-20 23:30:41,64.8378,-147.7164,clear sky,19.09,53,0,8.05
224,Sangar,RU,2022-03-20 23:35:32,63.9242,127.4739,overcast clouds,7.54,88,99,11.81
225,Isiro,CD,2022-03-20 23:36:33,2.7739,27.616,overcast clouds,71.02,80,100,3.2
226,Kiyasovo,RU,2022-03-20 23:36:33,56.3491,53.1244,overcast clouds,30.94,84,88,15.57
227,Pasighat,IN,2022-03-20 23:36:33,28.0667,95.3333,broken clouds,72.45,52,74,3.18
228,Sol-Iletsk,RU,2022-03-20 23:36:34,51.1631,54.9918,overcast clouds,24.08,95,100,15.84
229,Pisco,PE,2022-03-20 23:36:34,-13.7,-76.2167,few clouds,69.85,83,20,4.61
230,Chuy,UY,2022-03-20 23:36:35,-33.6971,-53.4616,broken clouds,64.45,49,54,11.34
231,Visnes,NO,2022-03-20 23:36:35,59.3556,5.2242,clear sky,43.21,65,0,10.36
232,Siguiri,GN,2022-03-20 23:36:36,11.6667,-9.5,overcast clouds,88.07,35,93,2.1
233,Pangai,TO,2022-03-20 23:36:36,-19.8,-174.35,broken clouds,84.31,65,75,6.91
234,Esmeraldas,BR,2022-03-20 23:36:36,-19.7625,-44.3139,overcast clouds,81.46,62,100,5.19
235,Joensuu,FI,2022-03-20 23:36:37,62.6012,29.7632,clear sky,37.89,65,0,3.44
236,Verkhnevilyuysk,RU,2022-03-20 23:36:38,63.4453,120.3167,overcast clouds,13.06,95,97,3.02
237,Sitka,US,2022-03-20 23:34:55,57.0531,-135.33,overcast clouds,40.89,60,100,11.5
238,Karymskoye,RU,2022-03-20 23:36:38,51.6167,114.35,clear sky,9.14,85,8,4.21
239,Havelock,US,2022-03-20 23:36:39,34.8791,-76.9013,clear sky,64.4,41,0,19.57
240,Kungurtug,RU,2022-03-20 23:35:08,50.5994,97.5228,few clouds,-8.95,94,12,2.17
241,Urusha,RU,2022-03-20 23:36:39,54.05,122.9,scattered clouds,4.86,86,41,1.9
242,Aasiaat,GL,2022-03-20 23:36:40,68.7098,-52.8699,scattered clouds,-19.1,99,41,6.11
243,Kurchum,KZ,2022-03-20 23:36:40,48.5722,83.6542,overcast clouds,9.88,90,99,1.36
244,Sao Jose Da Tapera,BR,2022-03-20 23:36:41,-9.5583,-37.3811,broken clouds,77.83,72,57,12.12
245,Gat,IL,2022-03-20 23:36:41,31.61,34.7642,overcast clouds,49.41,100,92,9.8
246,Tacuarembo,UY,2022-03-20 23:36:41,-31.7333,-55.9833,clear sky,56.97,49,0,11.92
247,Fort-Shevchenko,KZ,2022-03-20 23:36:42,44.5086,50.263,few clouds,30.11,57,12,7.4
248,Egvekinot,RU,2022-03-20 23:36:42,66.3167,-179.1667,few clouds,-0.58,79,18,2.3
249,Bilibino,RU,2022-03-20 23:36:43,68.0546,166.4372,broken clouds,10.0,73,69,3.4
250,Abalak,RU,2022-03-20 23:36:43,58.1286,68.5944,overcast clouds,24.57,96,100,6.08
251,Bosaso,SO,2022-03-20 23:32:49,11.2842,49.1816,clear sky,76.64,63,2,6.71
252,Celestun,MX,2022-03-20 23:36:44,20.8667,-90.4,scattered clouds,80.02,75,44,16.04
253,Cap-Aux-Meules,CA,2022-03-20 23:36:44,47.3821,-61.8597,mist,30.25,100,100,12.66
254,Biak,ID,2022-03-20 23:36:45,-0.9131,122.8766,overcast clouds,78.17,82,100,0.89
255,Fort Stewart,US,2022-03-20 23:36:45,31.8722,-81.61,clear sky,69.89,56,0,8.05
256,Alofi,NU,2022-03-20 23:36:46,-19.0595,-169.9187,overcast clouds,85.89,70,96,11.5
257,Camargo,MX,2022-03-20 23:35:20,27.6667,-105.1667,overcast clouds,83.23,7,92,29.71
258,Boz,FR,2022-03-20 23:36:47,46.4071,4.9109,overcast clouds,49.14,66,95,6.53
259,Nemuro,JP,2022-03-20 23:36:47,43.3236,145.575,overcast clouds,30.54,68,98,7.05
260,Lipin Bor,RU,2022-03-20 23:36:47,60.2622,37.9763,broken clouds,27.46,96,62,8.99
261,Terrace,CA,2022-03-20 23:34:43,54.5163,-128.6035,light rain and snow,33.71,100,100,2.3
262,Camiri,BO,2022-03-20 23:36:48,-20.05,-63.5167,overcast clouds,66.7,77,100,1.66
263,Maceio,BR,2022-03-20 23:36:49,-9.6658,-35.7353,broken clouds,78.24,83,75,5.75
264,Adrar,MR,2022-03-20 23:36:49,20.5022,-10.0711,clear sky,72.5,16,0,8.86
265,Mangrol,IN,2022-03-20 23:36:50,21.1167,70.1167,few clouds,74.19,74,16,11.43
266,Yumen,CN,2022-03-20 23:36:50,40.2833,97.2,broken clouds,29.46,38,60,17.27
267,Rafaela,AR,2022-03-20 23:36:51,-31.2503,-61.4867,broken clouds,64.98,49,71,4.0
268,Miri,MY,2022-03-20 23:34:10,4.4148,114.0089,scattered clouds,75.34,94,40,4.61
269,Beringovskiy,RU,2022-03-20 23:37:51,63.05,179.3167,broken clouds,19.22,63,61,4.38
270,Alice Springs,AU,2022-03-20 23:34:46,-23.7,133.8833,clear sky,78.35,31,0,4.61
271,Souillac,MU,2022-03-20 23:37:52,-20.5167,57.5167,light rain,77.38,100,75,3.44
272,Aktau,KZ,2022-03-20 23:37:53,43.65,51.2,clear sky,19.98,61,1,10.25
273,Sao Filipe,CV,2022-03-20 23:37:53,14.8961,-24.4956,clear sky,69.78,71,6,10.65
274,Buturlino,RU,2022-03-20 23:37:53,55.5667,44.8974,overcast clouds,34.56,88,99,12.77
275,Novobiryusinskiy,RU,2022-03-20 23:37:54,56.9578,97.7076,overcast clouds,18.16,86,100,9.08
276,Coquimbo,CL,2022-03-20 23:33:16,-29.9533,-71.3436,few clouds,60.53,82,20,9.22
277,San Cristobal,VE,2022-03-20 23:37:55,7.7669,-72.225,broken clouds,73.58,74,75,1.68
278,Sola,VU,2022-03-20 23:37:55,-13.8833,167.55,overcast clouds,81.14,78,100,16.37
279,Belaya Gora,RU,2022-03-20 23:37:55,68.5333,146.4167,broken clouds,-0.24,93,76,3.15
280,Hamilton,US,2022-03-20 23:37:56,39.1834,-84.5333,clear sky,61.65,46,0,6.91
281,Omis,HR,2022-03-20 23:37:56,43.4447,16.6886,clear sky,44.53,50,1,6.49
282,Kadyy,RU,2022-03-20 23:37:57,57.787,43.1903,broken clouds,36.27,88,79,12.19
283,Katherine,AU,2022-03-20 23:37:57,-14.4667,132.2667,overcast clouds,82.72,69,93,1.14
284,Katsuura,JP,2022-03-20 23:37:58,35.1333,140.3,overcast clouds,45.73,90,100,15.05
285,Crestview,US,2022-03-20 23:37:58,30.7621,-86.5705,clear sky,75.11,21,0,8.05
286,Necochea,AR,2022-03-20 23:37:59,-38.5473,-58.7368,broken clouds,54.36,58,61,18.3
287,Cabo San Lucas,MX,2022-03-20 23:33:59,22.8909,-109.9124,scattered clouds,88.9,38,40,17.27
288,Saint-Augustin,CA,2022-03-20 23:37:59,51.226,-58.6502,snow,20.97,94,100,27.69
289,Saldanha,ZA,2022-03-20 23:37:59,-33.0117,17.9442,clear sky,66.25,93,3,11.83
290,Paita,PE,2022-03-20 23:38:00,-5.0892,-81.1144,scattered clouds,75.65,74,35,16.06
291,Rolla,US,2022-03-20 23:38:00,37.9514,-91.7713,clear sky,73.54,23,0,12.66
292,Castro,BR,2022-03-20 23:38:01,-24.7911,-50.0119,overcast clouds,59.0,95,100,8.5
293,Sur,OM,2022-03-20 23:33:51,22.5667,59.5289,clear sky,73.24,55,0,7.9
294,Cidreira,BR,2022-03-20 23:38:01,-30.1811,-50.2056,overcast clouds,66.78,57,93,10.76
295,Bathsheba,BB,2022-03-20 23:38:02,13.2167,-59.5167,broken clouds,77.61,73,75,19.57
296,Bouar,CF,2022-03-20 23:38:02,5.934,15.596,scattered clouds,69.94,38,48,4.21
297,Gobabis,NA,2022-03-20 23:38:02,-22.45,18.9667,overcast clouds,68.5,71,91,8.14
298,Khandwa,IN,2022-03-20 23:38:03,21.8333,76.3333,broken clouds,78.6,21,61,3.78
299,Samarai,PG,2022-03-20 23:38:03,-10.6167,150.6667,overcast clouds,86.36,68,93,17.43
300,Okha,RU,2022-03-20 23:38:04,53.5739,142.9478,broken clouds,10.94,87,82,19.98
301,Boulder City,US,2022-03-20 23:38:04,35.9786,-114.8325,broken clouds,70.45,13,75,11.5
302,Cervo,ES,2022-03-20 23:38:04,43.6702,-7.4101,overcast clouds,53.96,72,96,4.5
303,Sankheda,IN,2022-03-20 23:38:05,22.1667,73.5833,few clouds,74.98,31,15,4.14
304,Gladstone,AU,2022-03-20 23:38:05,-23.85,151.25,clear sky,82.78,61,2,9.22
305,Warri,NG,2022-03-20 23:38:06,5.5167,5.75,overcast clouds,79.12,85,100,2.93
306,Agadez,NE,2022-03-20 23:38:06,19.75,10.25,clear sky,77.56,14,2,8.72
307,Chumikan,RU,2022-03-20 23:38:06,54.7183,135.315,scattered clouds,7.9,81,27,20.4
308,Yeppoon,AU,2022-03-20 23:38:07,-23.1333,150.7333,scattered clouds,76.78,66,36,10.87
309,Caravelas,BR,2022-03-20 23:38:07,-17.7125,-39.2481,few clouds,76.51,84,14,4.61
310,Hammerfest,NO,2022-03-20 23:38:08,70.6634,23.6821,clear sky,43.25,61,0,5.75
311,Klaksvik,FO,2022-03-20 23:38:08,62.2266,-6.589,overcast clouds,45.52,92,100,20.54
312,Mersing,MY,2022-03-20 23:38:09,2.4312,103.8405,light rain,73.31,94,97,2.3
313,Shanghai,CN,2022-03-20 23:36:00,31.2222,121.4581,overcast clouds,48.07,76,100,8.95
314,Kaitangata,NZ,2022-03-20 23:39:10,-46.2817,169.8464,few clouds,62.65,67,20,7.02
315,Yamada,JP,2022-03-20 23:39:10,39.4667,141.95,scattered clouds,40.21,54,26,9.42
316,Buta,CD,2022-03-20 23:39:10,2.7858,24.73,overcast clouds,69.71,95,93,2.73
317,Peniche,PT,2022-03-20 23:39:11,39.3558,-9.3811,broken clouds,52.11,91,83,15.75
318,Khandyga,RU,2022-03-20 23:39:11,62.6667,135.6,broken clouds,-1.23,93,66,1.14
319,Omsukchan,RU,2022-03-20 23:39:12,62.5333,155.8,overcast clouds,19.06,91,100,9.19
320,Airai,TL,2022-03-20 23:39:12,-8.9266,125.4092,broken clouds,69.17,67,79,0.25
321,Wanaka,NZ,2022-03-20 23:37:59,-44.7,169.15,overcast clouds,61.11,69,95,1.99
322,Kango,GA,2022-03-20 23:39:13,0.1943,10.0951,light rain,74.62,97,99,1.52
323,De-Kastri,RU,2022-03-20 23:39:13,51.4667,140.7833,broken clouds,20.52,80,80,8.14
324,Tateyama,JP,2022-03-20 23:39:14,34.9833,139.8667,overcast clouds,51.1,84,100,12.97
325,Patuli,IN,2022-03-20 23:39:14,23.55,88.25,scattered clouds,70.0,92,49,6.91
326,Fort Nelson,CA,2022-03-20 23:39:14,58.8053,-122.7002,broken clouds,26.19,74,75,5.75
327,Mackay,AU,2022-03-20 23:39:15,-21.15,149.2,broken clouds,83.68,74,75,11.5
328,Atambua,ID,2022-03-20 23:39:15,-9.1061,124.8925,overcast clouds,78.8,76,97,0.6
329,Koudougou,BF,2022-03-20 23:39:16,12.25,-2.3667,overcast clouds,88.34,38,100,6.49
330,Berberati,CF,2022-03-20 23:39:16,4.2612,15.7922,broken clouds,73.85,45,54,1.99
331,Kuzovatovo,RU,2022-03-20 23:39:16,53.5468,47.6866,light snow,32.59,97,92,11.79
332,Nyurba,RU,2022-03-20 23:39:17,63.2842,118.3319,overcast clouds,11.95,97,96,2.86
333,Aksha,RU,2022-03-20 23:39:17,50.2814,113.2867,clear sky,14.99,68,8,7.87
334,Doha,QA,2022-03-20 23:39:18,25.2867,51.5333,clear sky,69.78,37,0,6.91
335,Korla,CN,2022-03-20 23:39:18,41.7597,86.1469,overcast clouds,41.38,59,100,9.22
336,Kathmandu,NP,2022-03-20 23:39:19,27.7167,85.3167,few clouds,61.02,88,20,3.44
337,Songea,TZ,2022-03-20 23:39:19,-10.6833,35.65,overcast clouds,62.06,99,98,2.15
338,Bria,CF,2022-03-20 23:39:19,6.5423,21.9863,broken clouds,76.35,30,74,0.92
339,Deer Lake,CA,2022-03-20 23:39:20,49.1667,-57.4316,overcast clouds,28.26,86,100,13.8
340,Samana,DO,2022-03-20 23:39:20,19.2056,-69.3369,few clouds,78.76,79,18,10.38
341,Tunceli,TR,2022-03-20 23:39:21,39.1083,39.5471,broken clouds,16.21,80,62,6.13
342,San Lawrenz,MT,2022-03-20 23:39:21,36.0553,14.204,broken clouds,49.41,72,73,1.99
343,Pathein,MM,2022-03-20 23:39:22,16.7833,94.7333,broken clouds,76.86,68,83,3.2
344,Baykit,RU,2022-03-20 23:39:22,61.67,96.37,overcast clouds,19.99,91,100,8.01
345,Sayyan,YE,2022-03-20 23:39:22,15.1718,44.3244,clear sky,57.72,55,9,1.59
346,Antalaha,MG,2022-03-20 23:39:23,-14.9003,50.2788,overcast clouds,75.4,92,100,5.95
347,Talnakh,RU,2022-03-20 23:39:27,69.4865,88.3972,light snow,4.21,98,94,1.19
348,Manutuke,NZ,2022-03-20 23:39:28,-38.6833,177.9167,light rain,65.64,85,100,13.94
349,Tchollire,CM,2022-03-20 23:39:28,8.4022,14.1698,scattered clouds,76.44,18,35,2.95
350,Douglas,US,2022-03-20 23:39:28,41.3,-96.167,clear sky,76.3,20,0,23.02
351,Acajutla,SV,2022-03-20 23:39:29,13.5928,-89.8275,scattered clouds,82.89,69,48,4.12
352,Predivinsk,RU,2022-03-20 23:39:29,57.0669,93.4378,overcast clouds,14.54,88,100,8.01
353,Pasni,PK,2022-03-20 23:39:29,25.2631,63.471,clear sky,75.2,64,0,6.67
354,Chandur,IN,2022-03-20 23:39:30,19.7333,79.1833,scattered clouds,80.4,31,47,1.41
355,Onufriyivka,UA,2022-03-20 23:40:30,48.9072,33.4487,few clouds,31.95,83,15,5.14
356,Lagoa,PT,2022-03-20 23:40:31,39.05,-27.9833,overcast clouds,56.75,67,100,25.14
357,Abakaliki,NG,2022-03-20 23:40:31,6.3163,8.1169,few clouds,82.53,69,17,10.31
358,Kapit,MY,2022-03-20 23:40:32,2.0167,112.9333,overcast clouds,74.26,96,100,1.3
359,Parbhani,IN,2022-03-20 23:40:32,19.2667,76.7833,overcast clouds,81.84,18,99,3.85
360,Winchester,GB,2022-03-20 23:40:32,51.0651,-1.3187,clear sky,39.97,65,1,1.14
361,Chingirlau,KZ,2022-03-20 23:40:33,51.095,54.0814,overcast clouds,24.48,94,100,15.14
362,Asau,RO,2022-03-20 23:40:33,46.4333,26.4,scattered clouds,29.32,75,39,5.39
363,Port Hardy,CA,2022-03-20 23:40:34,50.6996,-127.4199,light rain,42.8,87,100,21.85
364,Bethel,US,2022-03-20 23:40:34,41.3712,-73.414,overcast clouds,52.11,73,92,12.39
365,Morehead,US,2022-03-20 23:36:07,37.2711,-87.1764,clear sky,65.95,24,0,0.0
366,Whitehorse,CA,2022-03-20 23:40:34,60.7161,-135.0538,broken clouds,36.1,40,75,4.61
367,Tautira,PF,2022-03-20 23:40:35,-17.7333,-149.15,few clouds,82.15,68,23,17.98
368,Truro,GB,2022-03-20 23:40:35,50.2653,-5.0544,overcast clouds,48.96,76,85,16.11
369,San Quintin,MX,2022-03-20 23:40:36,30.4833,-115.95,scattered clouds,59.25,75,48,21.03
370,Djibo,BF,2022-03-20 23:40:36,14.1022,-1.6306,broken clouds,86.18,16,72,3.47
371,Yazman,PK,2022-03-20 23:40:36,29.1212,71.7446,clear sky,78.04,20,0,4.7
372,Panguipulli,CL,2022-03-20 23:40:37,-39.6333,-72.3333,overcast clouds,52.0,98,95,1.83
373,Petropavlovsk-Kamchatskiy,RU,2022-03-20 23:40:37,53.0452,158.6483,light shower sleet,32.59,100,100,8.95
374,Labuhan,ID,2022-03-20 23:40:38,-6.8844,112.2051,overcast clouds,80.02,80,99,2.3
375,Ulladulla,AU,2022-03-20 23:40:38,-35.35,150.4667,overcast clouds,68.9,73,90,5.73
376,Komsomolskiy,UZ,2022-03-20 23:40:39,40.4272,71.7189,mist,41.72,81,75,2.3
377,Denizli,TR,2022-03-20 23:40:39,37.8402,29.0698,few clouds,31.03,72,22,3.29
378,Eydhafushi,MV,2022-03-20 23:40:39,5.1033,73.0708,broken clouds,83.44,66,82,13.13
379,Ennis,IE,2022-03-20 23:40:40,52.8436,-8.9864,broken clouds,48.13,87,75,3.44
380,Shache,CN,2022-03-20 23:39:42,38.4167,77.2406,scattered clouds,50.72,45,33,4.34
381,San Vicente,AR,2022-03-20 23:40:41,-26.6167,-54.1333,clear sky,62.78,66,0,4.63
382,Hit,IQ,2022-03-20 23:40:41,33.6416,42.8251,broken clouds,46.78,20,73,9.95
383,Rio Gallegos,AR,2022-03-20 23:40:42,-51.6226,-69.2181,clear sky,60.85,51,0,5.75
384,Padang,ID,2022-03-20 23:36:09,-0.9492,100.3543,overcast clouds,73.45,83,100,3.49
385,Constitucion,CL,2022-03-20 23:40:42,-35.3333,-72.4167,overcast clouds,55.76,83,100,5.21
386,Mayo,US,2022-03-20 23:40:43,38.8876,-76.5119,scattered clouds,53.55,56,40,16.11
387,Plettenberg Bay,ZA,2022-03-20 23:40:43,-34.0527,23.3716,few clouds,65.37,95,11,2.73
388,Honavar,IN,2022-03-20 23:40:43,14.2833,74.45,overcast clouds,78.19,82,97,2.39
389,Acapulco,MX,2022-03-20 23:37:12,16.8634,-99.8901,smoke,82.22,69,0,9.22
390,Zeya,RU,2022-03-20 23:40:44,53.75,127.2667,scattered clouds,9.03,81,29,2.48
391,Fare,PF,2022-03-20 23:40:44,-16.7,-151.0167,clear sky,82.69,71,8,20.09
392,Guerrero Negro,MX,2022-03-20 23:40:45,27.9769,-114.0611,scattered clouds,61.72,65,35,24.09
393,Nelson Bay,AU,2022-03-20 23:40:45,-32.7167,152.15,overcast clouds,75.11,62,98,4.0
394,Mecca,SA,2022-03-20 23:40:46,21.4267,39.8261,clear sky,71.01,73,2,2.82
395,Ekhabi,RU,2022-03-20 23:40:46,53.5102,142.9671,broken clouds,11.23,86,78,19.82
396,Lanzhou,CN,2022-03-20 23:40:46,36.0564,103.7922,overcast clouds,40.75,62,100,3.71
397,Marawi,PH,2022-03-20 23:40:47,7.9986,124.2928,overcast clouds,73.53,82,92,2.53
398,Goulburn,AU,2022-03-20 23:40:47,-34.75,149.7167,few clouds,64.44,65,23,6.93
399,Isangel,VU,2022-03-20 23:40:48,-19.55,169.2667,heavy intensity rain,83.48,79,100,19.15
400,Alice Town,BS,2022-03-20 23:40:48,25.7167,-79.3,clear sky,77.34,76,1,17.38
401,Ayan,RU,2022-03-20 23:40:48,56.45,138.1667,clear sky,15.76,69,10,9.84
402,Atbasar,KZ,2022-03-20 23:41:49,51.8,68.3333,overcast clouds,6.89,91,100,19.53
403,Cockburn Town,TC,2022-03-20 23:41:49,21.4612,-71.1419,clear sky,78.06,68,2,16.8
404,Kayerkan,RU,2022-03-20 23:41:50,69.3497,87.7602,overcast clouds,3.52,91,94,2.55
405,Prince Rupert,CA,2022-03-20 23:41:50,54.3161,-130.3201,overcast clouds,42.89,70,100,40.29
406,Leshukonskoye,RU,2022-03-20 23:41:51,64.8989,45.7622,broken clouds,25.56,80,72,10.94
407,Kununurra,AU,2022-03-20 23:37:21,-15.7667,128.7333,broken clouds,80.58,74,80,3.44
408,Borogontsy,RU,2022-03-20 23:41:51,62.6683,131.1683,overcast clouds,6.1,89,93,4.38
409,Tiznit,MA,2022-03-20 23:41:51,29.5833,-9.5,overcast clouds,53.73,79,95,5.5
410,Tulsipur,NP,2022-03-20 23:41:52,28.131,82.2973,scattered clouds,68.09,33,40,6.2
411,Chalchihuites,MX,2022-03-20 23:41:53,23.4833,-103.8833,broken clouds,67.59,7,55,25.03
412,Tsabong,BW,2022-03-20 23:41:53,-26.0217,22.401,overcast clouds,69.89,69,85,5.86
413,Lebyazhye,RU,2022-03-20 23:41:54,55.2689,66.4947,light snow,21.92,96,100,11.95
414,Callaguip,PH,2022-03-20 23:41:54,18.0714,120.4867,broken clouds,77.02,88,75,4.61
415,Santa Rosalia,MX,2022-03-20 23:41:54,27.3167,-112.2833,few clouds,70.9,42,15,22.19
416,Faya,SA,2022-03-20 23:41:55,18.3851,42.4509,clear sky,60.91,70,1,5.14
417,Esperance,AU,2022-03-20 23:41:55,-33.8667,121.9,broken clouds,69.64,91,77,19.01
418,Batemans Bay,AU,2022-03-20 23:41:56,-35.7167,150.1833,broken clouds,68.09,65,53,3.4
419,College,US,2022-03-20 23:37:22,64.8569,-147.8028,scattered clouds,19.08,52,40,8.05
420,San Rafael,AR,2022-03-20 23:41:56,-34.6177,-68.3301,clear sky,67.53,41,0,15.26
421,Maldonado,UY,2022-03-20 23:41:57,-34.6667,-54.9167,clear sky,56.59,77,1,4.88
422,Chapais,CA,2022-03-20 23:41:57,49.7834,-74.8492,overcast clouds,37.18,89,92,9.82
423,Shahrud,IR,2022-03-20 23:41:57,36.4182,54.9763,overcast clouds,39.45,74,97,12.08
424,Teresopolis,BR,2022-03-20 23:41:58,-22.4122,-42.9656,heavy intensity rain,64.02,98,100,3.4
425,Xinyu,CN,2022-03-20 23:41:58,27.8043,114.9334,overcast clouds,50.92,89,100,4.29
426,Ballina,AU,2022-03-20 23:41:58,-28.8667,153.5667,scattered clouds,74.79,70,33,12.66
427,Aden,YE,2022-03-20 23:41:59,12.7794,45.0367,scattered clouds,77.41,76,33,10.94
428,Sinnamary,GF,2022-03-20 23:41:59,5.3833,-52.95,overcast clouds,77.49,83,99,12.55
429,Zhigansk,RU,2022-03-20 23:42:00,66.7697,123.3711,overcast clouds,7.74,92,100,17.87
430,Tirat Karmel,IL,2022-03-20 23:42:00,32.7617,34.9719,overcast clouds,46.58,64,99,6.4
431,Auki,SB,2022-03-20 23:42:00,-8.7676,160.7034,scattered clouds,86.52,62,49,3.06
432,Katobu,ID,2022-03-20 23:42:01,-4.9408,122.5276,overcast clouds,78.96,88,100,2.17
433,Tabuk,PH,2022-03-20 23:42:01,17.4189,121.4443,scattered clouds,77.38,83,27,4.32
434,Matara,LK,2022-03-20 23:42:02,5.9485,80.5353,few clouds,76.62,92,18,7.27
435,Lannion,FR,2022-03-20 23:42:02,48.75,-3.4167,overcast clouds,48.18,86,98,10.36
436,Dzaoudzi,YT,2022-03-20 23:42:03,-12.7887,45.2699,few clouds,80.49,89,20,5.75
437,Shingu,JP,2022-03-20 23:42:03,33.7333,135.9833,overcast clouds,51.82,55,100,2.77
438,Otradnoye,RU,2022-03-20 23:42:03,59.7775,30.8181,overcast clouds,36.03,98,99,5.97
439,Kalakamati,BW,2022-03-20 23:42:04,-20.5929,27.3121,clear sky,60.62,56,9,12.48
440,Haines Junction,CA,2022-03-20 23:42:04,60.7522,-137.5108,overcast clouds,35.55,41,96,5.75
441,Lebowakgomo,ZA,2022-03-20 23:42:05,-24.2,29.5,clear sky,59.9,63,7,4.5
442,Nerchinskiy Zavod,RU,2022-03-20 23:42:05,51.3088,119.61,broken clouds,2.91,91,62,2.86
443,Magnitka,RU,2022-03-20 23:42:06,55.3475,59.6961,light snow,25.88,96,100,8.68
444,Quang Ngai,VN,2022-03-20 23:42:06,15.1167,108.8,broken clouds,76.68,83,81,4.27
445,Honiara,SB,2022-03-20 23:42:06,-9.4333,159.95,broken clouds,83.61,77,82,2.82
446,Ucluelet,CA,2022-03-20 23:42:07,48.9329,-125.5528,moderate rain,44.1,91,100,3.0
447,Tikrit,IQ,2022-03-20 23:43:07,34.6071,43.6782,overcast clouds,44.85,25,97,10.09
448,Bambous Virieux,MU,2022-03-20 23:43:08,-20.3428,57.7575,light rain,77.25,100,75,3.44
449,Vardo,NO,2022-03-20 23:43:08,70.3705,31.1107,overcast clouds,35.31,85,100,13.22
450,Calvinia,ZA,2022-03-20 23:43:09,-31.4707,19.776,broken clouds,72.39,52,51,0.67
451,Smithers,CA,2022-03-20 23:43:09,54.7804,-127.1743,light snow,35.92,69,100,9.22
452,Svirstroy,RU,2022-03-20 23:43:09,60.7999,33.7248,overcast clouds,27.19,99,85,5.44
453,Bodrum,TR,2022-03-20 23:43:10,37.0383,27.4292,clear sky,40.93,63,10,10.16
454,Taitung,TW,2022-03-20 23:43:10,22.7583,121.1444,broken clouds,71.87,100,75,4.61
455,Grindavik,IS,2022-03-20 23:43:11,63.8424,-22.4338,broken clouds,34.27,75,75,0.0
456,Yaan,NG,2022-03-20 23:43:11,7.3833,8.5667,scattered clouds,84.02,55,27,10.98
457,Champerico,GT,2022-03-20 23:43:12,14.3,-91.9167,clear sky,91.94,64,8,7.83
458,Innisfail,AU,2022-03-20 23:43:12,-17.5333,146.0333,overcast clouds,81.84,66,89,9.35
459,Shimoda,JP,2022-03-20 23:43:13,34.6667,138.95,overcast clouds,50.36,75,100,9.19
460,Rafsanjan,IR,2022-03-20 23:43:13,30.4067,55.9939,clear sky,62.49,16,1,7.47
461,Port-Gentil,GA,2022-03-20 23:43:14,-0.7193,8.7815,light rain,81.16,79,87,8.55
462,Vrangel,RU,2022-03-20 23:43:14,42.7297,133.0839,clear sky,30.43,53,1,8.08
463,Galle,LK,2022-03-20 23:43:14,6.0367,80.217,few clouds,79.52,86,22,10.07
464,Skibbereen,IE,2022-03-20 23:43:15,51.55,-9.2667,overcast clouds,50.11,96,95,9.98
465,Pedernales,DO,2022-03-20 23:43:15,18.0384,-71.744,few clouds,79.07,67,15,8.48
466,Luwuk,ID,2022-03-20 23:43:16,-0.9516,122.7875,overcast clouds,80.76,80,100,0.85
467,Urla,TR,2022-03-20 23:43:16,38.3229,26.764,clear sky,36.0,67,1,17.76
468,Faanui,PF,2022-03-20 23:43:17,-16.4833,-151.75,light rain,82.38,73,8,19.08
469,Thyolo,MW,2022-03-20 23:43:17,-16.0678,35.1405,overcast clouds,61.16,98,100,5.61
470,Mount Gambier,AU,2022-03-20 23:43:17,-37.8333,140.7667,overcast clouds,58.91,100,100,5.75
471,Kyra,RU,2022-03-20 23:43:18,49.5776,111.9753,few clouds,5.23,85,19,3.74
472,Tambun,ID,2022-03-20 23:43:18,-6.2641,107.0712,few clouds,82.49,83,20,9.22
473,Sattahip,TH,2022-03-20 23:43:19,12.6664,100.9007,heavy intensity rain,86.29,83,20,9.22
474,Pombia,IT,2022-03-20 23:43:19,45.653,8.6336,broken clouds,47.25,52,75,6.91
475,Barcelos,PT,2022-03-20 23:43:20,41.5388,-8.6151,overcast clouds,58.91,81,97,3.87
476,Narasannapeta,IN,2022-03-20 23:43:20,18.4167,84.05,scattered clouds,75.09,93,35,4.25
477,Karpathos,GR,2022-03-20 23:43:20,35.507,27.2132,overcast clouds,44.56,57,86,2.3
478,Andalucia,CO,2022-03-20 23:43:21,4.1706,-76.1664,broken clouds,69.26,94,74,0.98
479,Portland,US,2022-03-20 23:42:47,45.5234,-122.6762,light rain,52.09,70,100,8.99
480,Tamiahua,MX,2022-03-20 23:43:21,21.2667,-97.45,overcast clouds,72.86,76,91,7.74
481,Saint-Joseph,RE,2022-03-20 23:43:22,-21.3667,55.6167,broken clouds,75.58,83,67,9.37
482,Zyryanka,RU,2022-03-20 23:43:22,65.75,150.85,overcast clouds,2.59,92,100,15.93
483,Kendari,ID,2022-03-20 23:43:23,-3.945,122.4989,overcast clouds,79.23,83,100,1.43
484,Ellesmere Port,GB,2022-03-20 23:38:33,53.2788,-2.9013,clear sky,41.86,77,3,6.91
485,Tonantins,BR,2022-03-20 23:43:23,-2.8731,-67.8022,broken clouds,73.98,96,66,0.67
486,Chaoyang,CN,2022-03-20 23:43:24,41.5703,120.4586,few clouds,35.49,58,12,2.35
487,Rabat,MA,2022-03-20 23:43:24,33.9911,-6.8401,broken clouds,59.07,77,75,4.61
488,Ranong,TH,2022-03-20 23:43:24,9.9658,98.6348,overcast clouds,75.13,86,100,4.36
489,Yarada,IN,2022-03-20 23:43:25,17.65,83.2667,mist,80.92,83,40,4.61
490,Cap Malheureux,MU,2022-03-20 23:43:25,-19.9842,57.6142,broken clouds,77.47,90,78,1.99
491,Shubarkuduk,KZ,2022-03-20 23:43:26,49.1447,56.4872,overcast clouds,12.7,93,88,12.5
492,Luderitz,NA,2022-03-20 23:43:26,-26.6481,15.1594,clear sky,72.86,66,0,11.97
493,Gamba,GA,2022-03-20 23:44:26,-2.65,10.0,overcast clouds,78.44,82,99,2.64
494,Posse,BR,2022-03-20 23:44:27,-14.0931,-46.3694,broken clouds,75.06,57,78,2.01
495,Atar,MR,2022-03-20 23:44:27,20.5169,-13.0499,clear sky,72.73,24,0,7.25
496,Yakeshi,CN,2022-03-20 23:44:28,49.2833,120.7333,overcast clouds,1.81,96,100,3.8
497,Henties Bay,NA,2022-03-20 23:44:28,-22.116,14.2845,few clouds,67.8,82,18,3.89
498,Takoradi,GH,2022-03-20 23:44:28,4.8845,-1.7554,broken clouds,79.66,84,84,7.34
499,Victoria Point,AU,2022-03-20 23:44:29,-27.5833,153.3,clear sky,82.11,64,0,3.0
500,Dongsheng,CN,2022-03-20 23:44:29,39.8161,109.9776,overcast clouds,27.52,40,99,11.48
501,Meulaboh,ID,2022-03-20 23:44:30,4.1363,96.1285,overcast clouds,76.17,86,100,4.36
502,Beya,RU,2022-03-20 23:44:30,53.0533,90.9139,overcast clouds,15.62,85,92,5.73
503,Misawa,JP,2022-03-20 23:44:31,40.6836,141.3597,few clouds,39.6,56,13,18.84
504,Kudahuvadhoo,MV,2022-03-20 23:44:31,2.6708,72.8944,overcast clouds,82.78,73,100,13.2
505,Zvishavane,ZW,2022-03-20 23:44:31,-20.3267,30.0665,scattered clouds,56.93,78,32,1.39
506,Opuwo,NA,2022-03-20 23:44:32,-18.0607,13.84,scattered clouds,69.62,56,44,3.74
507,Lubyany,RU,2022-03-20 23:44:32,56.0378,51.4,overcast clouds,31.55,92,93,11.18
508,Onalaska,US,2022-03-20 23:40:19,43.8844,-91.2351,clear sky,62.46,39,0,3.44
509,Laufen,DE,2022-03-20 23:44:33,47.95,12.9333,few clouds,38.86,60,21,4.45
510,Lebedinyy,RU,2022-03-20 23:44:33,58.5167,125.5167,light snow,11.17,90,100,8.59
511,Manzhouli,CN,2022-03-20 23:44:33,49.6,117.4333,scattered clouds,10.49,87,42,10.22
512,Pontes E Lacerda,BR,2022-03-20 23:44:34,-15.2261,-59.3353,broken clouds,71.1,98,68,2.06
513,Mount Isa,AU,2022-03-20 23:44:34,-20.7333,139.5,broken clouds,87.57,30,75,9.22
514,Margate,GB,2022-03-20 23:44:35,51.3813,1.3862,clear sky,38.7,83,4,1.01
515,Kuopio,FI,2022-03-20 23:44:35,62.8924,27.677,clear sky,39.15,56,0,6.91
516,Havre-Saint-Pierre,CA,2022-03-20 23:44:35,50.2334,-63.5986,overcast clouds,28.4,93,100,24.16
517,Kinlochleven,GB,2022-03-20 23:44:36,56.7115,-4.9661,clear sky,41.29,79,7,4.52
518,Russkaya Polyana,UA,2022-03-20 23:44:36,49.417,31.9201,few clouds,32.45,79,21,6.15
519,Harper,LR,2022-03-20 23:44:37,4.375,-7.7169,overcast clouds,79.66,85,100,4.9
520,Antsohihy,MG,2022-03-20 23:44:37,-14.8796,47.9875,overcast clouds,73.44,97,100,1.95
521,Kushikino,JP,2022-03-20 23:44:37,31.7167,130.2667,light rain,49.46,83,100,4.27
522,Ahuimanu,US,2022-03-20 23:44:38,21.4447,-157.8378,broken clouds,82.11,75,75,12.66
523,Aykhal,RU,2022-03-20 23:44:38,66.0,111.5,overcast clouds,-4.95,100,100,2.59
524,West Plains,US,2022-03-20 23:40:27,36.7281,-91.8524,clear sky,72.43,20,0,5.75
525,Myitkyina,MM,2022-03-20 23:44:39,25.3833,97.4,scattered clouds,66.11,46,43,2.19
526,Banda Aceh,ID,2022-03-20 23:44:39,5.5577,95.3222,light rain,79.84,76,100,13.85
527,Ushtobe,KZ,2022-03-20 23:44:40,45.2514,77.9838,broken clouds,32.27,57,60,4.29
528,Morgan City,US,2022-03-20 23:44:40,29.6994,-91.2068,clear sky,71.6,35,0,10.36
529,Saint Anthony,US,2022-03-20 23:44:40,45.0205,-93.218,clear sky,57.7,34,0,9.22
530,Porvoo,FI,2022-03-20 23:44:41,60.3923,25.6651,broken clouds,36.1,92,79,3.49
531,Krivodol,BG,2022-03-20 23:44:41,43.3744,23.4844,scattered clouds,33.85,49,32,1.34
532,Bulgan,MN,2022-03-20 23:44:42,48.8125,103.5347,clear sky,15.48,41,1,2.71
533,Eha Amufu,NG,2022-03-20 23:44:42,6.6592,7.7596,scattered clouds,81.01,65,26,9.31
534,Clarence Town,AU,2022-03-20 23:44:42,-32.5833,151.7833,overcast clouds,74.98,78,100,4.16
535,Qalyub,EG,2022-03-20 23:44:43,30.1792,31.2056,overcast clouds,52.59,61,92,12.66
536,Ugoofaaru,MV,2022-03-20 23:44:43,5.6667,73.0,broken clouds,82.94,66,63,12.37
537,Yar-Sale,RU,2022-03-20 23:44:44,66.8333,70.8333,overcast clouds,12.78,96,85,9.15
538,Nouakchott,MR,2022-03-20 23:39:48,18.0858,-15.9785,clear sky,67.93,79,0,15.93
539,Vila Velha,BR,2022-03-20 23:44:44,-20.3297,-40.2925,clear sky,78.75,88,0,6.91
540,Abbeville,FR,2022-03-20 23:44:45,50.1,1.8333,clear sky,37.49,63,1,6.35
541,Minador Do Negrao,BR,2022-03-20 23:44:45,-9.3053,-36.8647,broken clouds,75.87,82,55,9.48
542,Lasa,IT,2022-03-20 23:45:45,46.6166,10.7002,overcast clouds,38.28,97,91,1.07
543,Grand Gaube,MU,2022-03-20 23:45:46,-20.0064,57.6608,broken clouds,77.4,89,79,12.88
544,Beyneu,KZ,2022-03-20 23:45:46,45.3167,55.2,broken clouds,26.4,50,58,6.02
545,Bafoulabe,ML,2022-03-20 23:45:47,13.8065,-10.8321,overcast clouds,92.28,14,85,6.53
546,Oktyabrskoye,RU,2022-03-20 23:45:47,43.0645,44.7417,few clouds,14.14,92,19,8.95
547,Touros,BR,2022-03-20 23:45:47,-5.1989,-35.4608,overcast clouds,78.51,86,87,9.71
548,Hartselle,US,2022-03-20 23:45:48,34.4434,-86.9353,scattered clouds,67.68,58,38,4.32
549,Nanfeng,CN,2022-03-20 23:45:48,23.7434,111.7959,overcast clouds,73.38,91,92,3.24
550,Taoudenni,ML,2022-03-20 23:45:49,22.6783,-3.9836,clear sky,75.24,17,0,11.65
551,Port Hedland,AU,2022-03-20 23:45:49,-20.3167,118.5667,overcast clouds,84.25,70,86,0.0
552,Kipushi,CD,2022-03-20 23:45:50,-11.7667,27.2333,overcast clouds,63.59,96,100,4.43
553,Awjilah,LY,2022-03-20 23:45:50,29.1081,21.2869,clear sky,51.55,62,0,18.39
554,Beloha,MG,2022-03-20 23:45:50,-25.1667,45.05,clear sky,68.07,71,7,11.03
555,Berlevag,NO,2022-03-20 23:45:51,70.8578,29.0864,overcast clouds,36.28,79,100,17.98
556,Hlyboka,UA,2022-03-20 23:45:51,48.0897,25.9293,clear sky,30.79,65,1,5.01
557,Rawson,AR,2022-03-20 23:45:52,-43.3002,-65.1023,scattered clouds,64.69,52,40,21.85
558,Belyy Yar,RU,2022-03-20 23:45:52,53.6039,91.3903,clear sky,13.89,67,0,6.71
559,Belle Fourche,US,2022-03-20 23:45:52,44.6714,-103.8522,overcast clouds,64.33,16,99,17.34
560,Talara,PE,2022-03-20 23:45:53,-4.5772,-81.2719,broken clouds,75.63,78,65,13.44
561,Wattegama,LK,2022-03-20 23:45:53,6.7989,81.4808,clear sky,73.18,86,3,2.42
562,Iskateley,RU,2022-03-20 23:45:53,67.6803,53.1512,broken clouds,20.03,91,78,13.29
563,San Bernardino,US,2022-03-20 23:44:11,34.6667,-116.1675,clear sky,69.78,8,8,30.31
564,Papetoai,PF,2022-03-20 23:45:54,-17.4961,-149.8729,few clouds,87.39,73,23,20.09
565,Itarema,BR,2022-03-20 23:45:54,-2.9248,-39.9167,overcast clouds,76.93,89,95,8.19
566,Arauca,CO,2022-03-20 23:45:55,7.0847,-70.7591,broken clouds,89.6,45,61,5.75
567,Vila Do Maio,CV,2022-03-20 23:45:55,15.1333,-23.2167,scattered clouds,68.79,74,28,17.69
568,Fukue,JP,2022-03-20 23:45:56,32.6881,128.8419,broken clouds,50.36,76,75,8.05
569,Kerrville,US,2022-03-20 23:43:00,30.0474,-99.1403,clear sky,73.62,35,0,19.57
570,Neiafu,TO,2022-03-20 23:45:56,-18.65,-173.9833,broken clouds,86.68,66,75,9.22
571,Iquique,CL,2022-03-20 23:45:57,-20.2208,-70.1431,overcast clouds,68.04,80,99,5.77
572,Tomatlan,MX,2022-03-20 23:41:24,19.9333,-105.25,few clouds,82.63,28,16,6.71
573,Moranbah,AU,2022-03-20 23:45:57,-22.0016,148.0466,clear sky,81.43,49,5,13.62
574,Birao,CF,2022-03-20 23:45:58,10.2849,22.7882,broken clouds,75.54,12,72,2.39
575,Fortuna,US,2022-03-20 23:45:58,40.5982,-124.1573,few clouds,54.93,61,20,13.8
576,Turukhansk,RU,2022-03-20 23:45:58,65.8167,87.9833,overcast clouds,9.68,97,100,6.08
577,Sterlibashevo,RU,2022-03-20 23:45:59,53.4376,55.2578,overcast clouds,27.46,95,98,12.48
578,Scottsbluff,US,2022-03-20 23:46:00,41.8666,-103.6672,clear sky,68.23,16,0,16.11
579,Palmer,US,2022-03-20 23:46:00,42.1584,-72.3287,broken clouds,50.41,53,75,17.27
580,Broome,US,2022-03-20 23:46:01,42.2506,-75.833,overcast clouds,40.69,77,100,13.8
581,Merauke,ID,2022-03-20 23:46:01,-8.4667,140.3333,moderate rain,79.92,87,100,6.71
582,Tabas,IR,2022-03-20 23:46:02,33.5959,56.9244,overcast clouds,64.89,19,90,0.87
583,Erzin,TR,2022-03-20 23:46:02,36.9559,36.2,few clouds,36.52,50,15,4.41
584,Alcantara,BR,2022-03-20 23:46:03,-2.4089,-44.4147,light rain,79.0,86,88,6.46
585,Half Moon Bay,US,2022-03-20 23:43:50,37.4636,-122.4286,haze,69.89,61,0,20.71
586,Bagdarin,RU,2022-03-20 23:46:03,54.4333,113.6,overcast clouds,5.34,79,91,2.62
587,Kilinochchi,LK,2022-03-20 23:46:04,9.3961,80.3982,few clouds,75.6,94,18,7.99
588,Kirkwall,GB,2022-03-20 23:44:27,58.9848,-2.9587,broken clouds,41.05,81,75,12.66
589,Santa Cruz Del Sur,CU,2022-03-20 23:46:04,20.7147,-77.9956,light rain,78.42,74,24,4.9
590,Kenai,US,2022-03-20 23:46:05,60.5544,-151.2583,clear sky,44.02,58,0,13.8
591,Dicabisagan,PH,2022-03-20 23:47:05,17.0818,122.4157,scattered clouds,81.1,81,30,2.39
592,Ratnagiri,IN,2022-03-20 23:47:06,16.9833,73.3,overcast clouds,76.1,80,95,3.67
593,Dombarovskiy,RU,2022-03-20 23:47:06,50.7587,59.5386,broken clouds,13.32,93,81,17.9
594,Carbonia,IT,2022-03-20 23:47:07,39.1672,8.5222,broken clouds,46.0,91,62,8.61
595,Port Keats,AU,2022-03-20 23:47:07,-14.25,129.55,overcast clouds,86.58,73,97,1.03
596,Chimbarongo,CL,2022-03-20 23:47:08,-34.7,-71.05,overcast clouds,70.68,27,97,3.29
597,Okhotsk,RU,2022-03-20 23:47:08,59.3833,143.3,overcast clouds,18.84,74,100,20.18
598,Sri Aman,MY,2022-03-20 23:47:08,1.2376,111.4621,light rain,73.45,100,100,5.01
599,Tuntum,BR,2022-03-20 23:47:09,-5.2581,-44.6489,scattered clouds,73.83,94,40,1.7
600,Mari,BR,2022-03-20 23:47:09,-7.06,-35.3194,heavy intensity rain,79.61,88,56,5.14
601,Malakwal,PK,2022-03-20 23:47:10,32.5536,73.2123,clear sky,69.49,45,0,3.36
602,Loandjili,CG,2022-03-20 23:47:10,-4.7561,11.8578,few clouds,80.71,89,20,4.61
603,Lichinga,MZ,2022-03-20 23:47:11,-13.3128,35.2406,overcast clouds,59.52,98,89,6.91
604,Vegachi,CO,2022-03-20 23:47:11,6.7614,-74.7947,broken clouds,66.94,96,57,3.11
605,Benghazi,LY,2022-03-20 23:47:12,32.1167,20.0667,overcast clouds,50.94,73,96,15.88
606,Piuma,BR,2022-03-20 23:47:12,-20.8378,-40.7219,scattered clouds,75.0,85,34,2.77
607,Hovd,MN,2022-03-20 23:47:12,48.0056,91.6419,clear sky,17.13,43,1,4.25
608,Kargasok,RU,2022-03-20 23:47:13,59.0556,80.8572,overcast clouds,14.72,90,100,14.5
609,Trelew,AR,2022-03-20 23:47:13,-43.249,-65.3051,scattered clouds,64.67,52,40,21.85
610,Misratah,LY,2022-03-20 23:47:14,32.3754,15.0925,overcast clouds,56.17,65,99,19.08
611,La Suiza,CR,2022-03-20 23:47:14,9.8524,-83.6133,overcast clouds,69.04,98,94,2.13
612,Noshiro,JP,2022-03-20 23:47:14,40.2039,140.0242,overcast clouds,38.23,55,100,20.49
613,Batagay-Alyta,RU,2022-03-20 23:47:15,67.8006,130.4114,clear sky,-14.4,82,4,2.89
614,Tadine,NC,2022-03-20 23:47:15,-21.55,167.8833,overcast clouds,81.12,80,100,10.51
615,Puerto Ayacucho,VE,2022-03-20 23:47:16,5.6639,-67.6236,overcast clouds,78.67,84,98,3.96
616,Novobirilyussy,RU,2022-03-20 23:47:16,56.9514,90.6661,overcast clouds,15.71,84,100,11.88
617,General Roca,AR,2022-03-20 23:47:17,-39.0333,-67.5833,overcast clouds,68.63,37,100,20.22
618,Mato Verde,BR,2022-03-20 23:47:17,-15.3972,-42.8664,broken clouds,72.16,65,64,4.65
619,Noumea,NC,2022-03-20 23:47:18,-22.2763,166.4572,overcast clouds,82.99,99,99,9.04
620,Bandiagara,ML,2022-03-20 23:47:18,14.3501,-3.6104,overcast clouds,84.52,18,86,5.66
621,Longhua,CN,2022-03-20 23:47:19,23.6137,114.1919,overcast clouds,70.95,93,100,1.41
622,Panjab,AF,2022-03-20 23:47:19,34.388,67.0233,clear sky,26.6,55,0,2.77
623,Parabel,RU,2022-03-20 23:47:20,58.6978,81.4825,overcast clouds,14.0,85,100,14.83
624,Agirish,RU,2022-03-20 23:47:20,61.9247,63.0231,light snow,24.6,94,100,13.8
625,Kalmunai,LK,2022-03-20 23:47:21,7.4167,81.8167,clear sky,78.13,85,3,2.73
626,Qasigiannguit,GL,2022-03-20 23:47:21,68.8193,-51.1922,few clouds,-5.55,86,13,7.14
627,Ponte De Sor,PT,2022-03-20 23:46:36,39.2496,-8.0101,broken clouds,51.98,96,84,7.54
628,Nortelandia,BR,2022-03-20 23:47:22,-14.4547,-56.8028,broken clouds,72.93,98,55,3.62
629,Mlonggo,ID,2022-03-20 23:47:22,-6.5333,110.7,overcast clouds,79.34,82,99,4.65
630,Karaton,ID,2022-03-20 23:47:23,-6.3424,106.1045,overcast clouds,75.61,89,94,5.44
631,Lakes Entrance,AU,2022-03-20 23:47:23,-37.8811,147.981,clear sky,69.17,66,10,8.86
632,Darhan,MN,2022-03-20 23:42:34,49.4867,105.9228,clear sky,12.04,85,4,4.36
633,Roald,NO,2022-03-20 23:47:24,62.5833,6.1333,clear sky,44.76,93,0,5.75
634,Mandalgovi,MN,2022-03-20 23:47:24,45.7625,106.2708,clear sky,14.4,58,4,3.29
635,Ivanava,BY,2022-03-20 23:47:24,52.1451,25.5365,clear sky,33.6,74,5,5.01
636,Xushan,CN,2022-03-20 23:47:25,30.1764,121.2457,moderate rain,53.96,96,100,14.65
637,Llangefni,GB,2022-03-20 23:47:25,53.2556,-4.3106,clear sky,45.12,75,4,8.05
638,Ravenna,IT,2022-03-20 23:47:26,44.4167,11.9833,clear sky,49.89,82,5,2.15
639,Emba,KZ,2022-03-20 23:47:26,48.8264,58.1442,overcast clouds,4.19,99,100,10.07
640,Adeje,ES,2022-03-20 23:48:27,28.1227,-16.726,broken clouds,62.17,63,75,8.05
641,Tecoanapa,MX,2022-03-20 23:48:27,16.5167,-98.75,clear sky,82.49,58,0,9.91
642,Sokoni,TZ,2022-03-20 23:48:27,-6.4333,39.55,light rain,80.4,79,81,4.79
643,Alyangula,AU,2022-03-20 23:48:28,-13.8483,136.4192,broken clouds,85.87,84,78,4.61
644,Road Town,VG,2022-03-20 23:43:41,18.4167,-64.6167,broken clouds,78.84,69,75,11.5
645,Buchanan,LR,2022-03-20 23:44:22,5.8808,-10.0467,light rain,79.05,88,94,4.56
646,Rocky Mountain House,CA,2022-03-20 23:48:29,52.3668,-114.9188,broken clouds,42.91,16,80,11.5
647,Port Augusta,AU,2022-03-20 23:48:29,-32.5,137.7667,broken clouds,80.64,52,54,11.36
648,Raudeberg,NO,2022-03-20 23:48:29,61.9875,5.1352,clear sky,42.87,59,0,13.94
649,Gangapur,IN,2022-03-20 23:48:30,26.4833,76.7167,clear sky,74.66,18,5,7.02
650,Qaqortoq,GL,2022-03-20 23:48:30,60.7167,-46.0333,clear sky,4.64,84,2,6.29
651,Soe,ID,2022-03-20 23:48:31,-9.8607,124.284,overcast clouds,74.37,67,100,1.72
652,Houma,US,2022-03-20 23:43:55,29.5958,-90.7195,clear sky,69.01,46,0,14.97
653,Pinos,MX,2022-03-20 23:48:31,22.3,-101.5667,broken clouds,70.16,10,70,14.76
654,Quijingue,BR,2022-03-20 23:48:32,-10.7525,-39.2092,clear sky,75.4,74,10,10.02
655,Itacare,BR,2022-03-20 23:48:32,-14.2775,-38.9967,clear sky,76.51,82,0,4.07
656,Alugan,PH,2022-03-20 23:48:33,12.2188,125.4808,light rain,80.78,87,99,12.03
657,Aras,ES,2022-03-20 23:48:33,42.5617,-2.356,broken clouds,50.76,82,75,16.11
658,Puerto Madryn,AR,2022-03-20 23:48:33,-42.7692,-65.0385,overcast clouds,66.87,41,85,26.44
659,Kuchera,IN,2022-03-20 23:48:34,26.9839,73.9719,clear sky,71.55,20,5,9.98
660,Elat,IL,2022-03-20 23:48:34,29.5581,34.9482,broken clouds,55.24,41,54,13.8
661,Sterling,US,2022-03-20 23:45:31,39.0062,-77.4286,broken clouds,52.21,53,75,23.02
662,Richmond,US,2022-03-20 23:44:44,37.5538,-77.4603,broken clouds,56.79,45,75,20.71
663,Zhanakorgan,KZ,2022-03-20 23:48:35,43.9098,67.2495,overcast clouds,35.15,51,100,8.48
664,Perivolion,GR,2022-03-20 23:48:36,39.4206,20.0147,clear sky,42.66,48,1,11.74
665,Dunedin,NZ,2022-03-20 23:44:00,-45.8742,170.5036,scattered clouds,63.81,75,28,5.99
666,Ostrovnoy,RU,2022-03-20 23:48:36,68.0531,39.5131,scattered clouds,19.89,97,48,7.09
667,Gimli,CA,2022-03-20 23:48:37,50.6336,-96.9907,overcast clouds,37.42,75,99,6.91
668,Molochnoye,RU,2022-03-20 23:48:37,59.2917,39.6787,broken clouds,31.86,93,77,11.41
669,Ust-Kan,RU,2022-03-20 23:48:38,50.9276,84.761,few clouds,0.52,91,16,7.09
670,Dunga Bunga,PK,2022-03-20 23:48:38,29.7493,73.2432,clear sky,75.34,21,0,6.67
671,Navolato,MX,2022-03-20 23:48:39,24.7672,-107.6944,overcast clouds,85.64,44,100,8.7
672,Palana,RU,2022-03-20 23:48:39,59.1167,159.9667,overcast clouds,32.59,80,100,13.29
673,Ferry Pass,US,2022-03-20 23:48:40,30.5102,-87.2125,clear sky,69.78,57,0,8.05
674,Siderno,IT,2022-03-20 23:48:40,38.2779,16.302,overcast clouds,45.34,64,95,5.3
675,Monroe,US,2022-03-20 23:48:41,43.1501,-77.6831,broken clouds,46.42,53,75,17.27
676,Araouane,ML,2022-03-20 23:48:41,18.9048,-3.5265,scattered clouds,76.71,13,47,10.98
677,Kirakira,SB,2022-03-20 23:48:41,-10.4544,161.9205,overcast clouds,85.26,65,90,8.21
678,Rohnert Park,US,2022-03-20 23:46:07,38.3396,-122.7011,clear sky,75.11,42,0,13.8
679,Corinto,GR,2022-03-20 23:48:42,37.9407,22.9573,broken clouds,46.89,52,71,20.4
680,Tessalit,ML,2022-03-20 23:48:42,20.1986,1.0114,few clouds,74.1,15,13,11.79
681,Bouna,CI,2022-03-20 23:48:43,9.2667,-3.0,overcast clouds,79.81,64,98,6.89
682,Jijiga,ET,2022-03-20 23:48:43,9.35,42.8,broken clouds,68.67,52,53,5.26
683,Varadero,CU,2022-03-20 23:47:10,23.1536,-81.2514,clear sky,81.36,75,2,14.79
684,Ajdabiya,LY,2022-03-20 23:49:44,30.7554,20.2263,few clouds,50.22,66,16,17.38
685,Porto Novo,BJ,2022-03-20 23:49:45,6.4965,2.6036,overcast clouds,84.02,81,87,9.55
686,Bombay,IN,2022-03-20 23:45:23,19.0144,72.8479,haze,78.78,89,40,6.91
687,Gisborne,NZ,2022-03-20 23:49:45,-38.6533,178.0042,light rain,65.86,84,100,15.57
688,Nicoya,CR,2022-03-20 23:49:46,10.1483,-85.452,broken clouds,83.64,53,81,10.2
689,Alenquer,BR,2022-03-20 23:49:46,-1.9417,-54.7383,overcast clouds,76.05,89,95,2.93
690,Mercedes,AR,2022-03-20 23:49:47,-34.6515,-59.4307,clear sky,63.64,68,6,14.36
691,Ural,RU,2022-03-20 23:49:47,55.9078,94.7464,scattered clouds,7.59,90,25,7.0
692,Pafos,CY,2022-03-20 23:49:48,34.7667,32.4167,clear sky,38.98,52,0,8.05
693,Tual,ID,2022-03-20 23:49:48,-5.6667,132.75,overcast clouds,83.98,75,99,13.6
694,Umm Lajj,SA,2022-03-20 23:49:48,25.0213,37.2685,clear sky,67.32,65,0,8.86
695,Oranjemund,NA,2022-03-20 23:49:49,-28.55,16.4333,clear sky,67.35,77,0,7.36
696,Goderich,CA,2022-03-20 23:49:49,43.7501,-81.7165,scattered clouds,43.12,56,44,3.44
697,Borovskoy,KZ,2022-03-20 23:49:50,53.8,64.15,light snow,23.34,96,100,12.53
698,Morondava,MG,2022-03-20 23:49:50,-20.2833,44.2833,broken clouds,79.48,78,58,5.99
699,Westport,US,2022-03-20 23:49:50,41.1415,-73.3579,overcast clouds,53.64,62,100,16.11
700,Bubaque,GW,2022-03-20 23:49:51,11.2833,-15.8333,scattered clouds,75.07,72,39,17.02
701,Cururupu,BR,2022-03-20 23:49:51,-1.8283,-44.8683,overcast clouds,74.86,94,100,2.84
702,Lewistown,US,2022-03-20 23:49:52,40.5992,-77.5714,clear sky,50.16,70,0,4.61
